{
  "name": "Baseline",
  "field_accuracies": {
    "diseases": {
      "mean": 0.8000454545454547,
      "std_dev": 0.03282244814889564,
      "ci_lower": 0.7592910023460612,
      "ci_upper": 0.8407999067448483,
      "runs": [
        0.7760912698412701,
        0.8439880952380955,
        0.7789285714285714,
        0.7745526695526695,
        0.8266666666666668
      ]
    }
  },
  "overall_accuracy": {
    "mean": 0.8000454545454547,
    "std_dev": 0.03282244814889564,
    "ci_lower": 0.7592910023460612,
    "ci_upper": 0.8407999067448483,
    "runs": [
      0.7760912698412701,
      0.8439880952380955,
      0.7789285714285714,
      0.7745526695526695,
      0.8266666666666668
    ]
  },
  "num_runs": 5,
  "seeds": [
    42,
    123,
    456,
    789,
    1011
  ],
  "metadata": {
    "experiment": "medical_ner",
    "aggregation_timestamp": "2026-02-27T10:36:35.381412",
    "num_runs": 5,
    "random_seeds": [
      42,
      123,
      456,
      789,
      1011
    ],
    "train_size": 120,
    "test_size": 120,
    "dataset": "ncbi/ncbi_disease",
    "extraction_fields": [
      "diseases"
    ],
    "confidence_level": 0.95,
    "statistical_test": "ttest",
    "use_copro": false
  }
}