{
  "baseline": {
    "name": "Baseline",
    "field_accuracies": {
      "diseases": {
        "mean": 0.8000454545454547,
        "std_dev": 0.03282244814889564,
        "ci_lower": 0.7592910023460612,
        "ci_upper": 0.8407999067448483,
        "runs": [
          0.7760912698412701,
          0.8439880952380955,
          0.7789285714285714,
          0.7745526695526695,
          0.8266666666666668
        ]
      }
    },
    "overall_accuracy": {
      "mean": 0.8000454545454547,
      "std_dev": 0.03282244814889564,
      "ci_lower": 0.7592910023460612,
      "ci_upper": 0.8407999067448483,
      "runs": [
        0.7760912698412701,
        0.8439880952380955,
        0.7789285714285714,
        0.7745526695526695,
        0.8266666666666668
      ]
    },
    "num_runs": 5,
    "seeds": [
      42,
      123,
      456,
      789,
      1011
    ],
    "metadata": {}
  },
  "optimized": {
    "name": "DSPy Optimized",
    "field_accuracies": {
      "diseases": {
        "mean": 0.8060176767676769,
        "std_dev": 0.025567615602804114,
        "ci_lower": 0.7742712889537622,
        "ci_upper": 0.8377640645815916,
        "runs": [
          0.7862169312169314,
          0.8343187830687833,
          0.8083333333333335,
          0.7745526695526695,
          0.8266666666666668
        ]
      }
    },
    "overall_accuracy": {
      "mean": 0.8060176767676769,
      "std_dev": 0.025567615602804114,
      "ci_lower": 0.7742712889537622,
      "ci_upper": 0.8377640645815916,
      "runs": [
        0.7862169312169314,
        0.8343187830687833,
        0.8083333333333335,
        0.7745526695526695,
        0.8266666666666668
      ]
    },
    "num_runs": 5,
    "seeds": [
      42,
      123,
      456,
      789,
      1011
    ],
    "metadata": {}
  },
  "statistical_test": {
    "test_type": "Paired t-test",
    "statistic": 0.8991581026951264,
    "p_value": 0.41940388191907796,
    "significant": "False",
    "significance_level": "ns",
    "interpretation": "not significant",
    "alpha": 0.05
  },
  "effect_size": 0.20300204228588106,
  "improvement": {
    "mean": 0.005972222222222157,
    "significant": "False"
  },
  "field_comparison": {
    "diseases": {
      "baseline_mean": 0.8000454545454547,
      "baseline_ci": [
        0.7592910023460612,
        0.8407999067448483
      ],
      "optimized_mean": 0.8060176767676769,
      "optimized_ci": [
        0.7742712889537622,
        0.8377640645815916
      ],
      "improvement": 0.005972222222222157
    }
  },
  "micro_prf": {
    "baseline_micro_precision_mean": 0.7667804100248042,
    "baseline_micro_recall_mean": 0.6673104086757073,
    "baseline_micro_f1_mean": 0.713111443774687,
    "optimized_micro_precision_mean": 0.7977085195506248,
    "optimized_micro_recall_mean": 0.6409113005374687,
    "optimized_micro_f1_mean": 0.7087193042417133,
    "micro_f1_improvement": -0.004392139532973793
  },
  "metadata": {
    "experiment": "medical_ner",
    "aggregation_timestamp": "2026-02-27T10:36:35.381412",
    "num_runs": 5,
    "random_seeds": [
      42,
      123,
      456,
      789,
      1011
    ],
    "train_size": 120,
    "test_size": 120,
    "dataset": "ncbi/ncbi_disease",
    "extraction_fields": [
      "diseases"
    ],
    "confidence_level": 0.95,
    "statistical_test": "ttest",
    "use_copro": false
  }
}