{
  "4": {
    "demo_count": 4,
    "overall_accuracy": 0.5708333333333333,
    "field_accuracies": {
      "job_role": 0.16666666666666666,
      "skills": 0.11666666666666667,
      "education": 1.0,
      "experience_years": 1.0
    }
  },
  "8": {
    "demo_count": 8,
    "overall_accuracy": 0.6770833333333334,
    "field_accuracies": {
      "job_role": 0.5,
      "skills": 0.20833333333333334,
      "education": 1.0,
      "experience_years": 1.0
    }
  },
  "16": {
    "demo_count": 16,
    "overall_accuracy": 0.7466666666666666,
    "field_accuracies": {
      "job_role": 0.6,
      "skills": 0.38666666666666666,
      "education": 1.0,
      "experience_years": 1.0
    }
  },
  "32": {
    "demo_count": 32,
    "overall_accuracy": 0.7520833333333333,
    "field_accuracies": {
      "job_role": 0.6666666666666666,
      "skills": 0.3416666666666667,
      "education": 1.0,
      "experience_years": 1.0
    }
  }
}