{
  "num_trials": 5,
  "baseline": {
    "overall_score": {
      "mean": 0.7003809523809524,
      "std": 0.018231161275536097,
      "ci_95": [
        0.6844006349399752,
        0.7163612698219297
      ],
      "trials": [
        0.6715343915343915,
        0.6882539682539683,
        0.7120105820105821,
        0.7226984126984127,
        0.7074074074074075
      ]
    },
    "risk_exact_accuracy": {
      "mean": 0.7142857142857142,
      "std": 0.036196045241242474,
      "ci_95": [
        0.6825584817566924,
        0.746012946814736
      ],
      "trials": [
        0.6825396825396826,
        0.6825396825396826,
        0.7301587301587301,
        0.7777777777777778,
        0.6984126984126984
      ]
    },
    "risk_distance_score": {
      "mean": 0.8857142857142858,
      "std": 0.014478418096496987,
      "ci_95": [
        0.873023392702677,
        0.8984051787258945
      ],
      "trials": [
        0.873015873015873,
        0.873015873015873,
        0.8920634920634921,
        0.9111111111111111,
        0.8793650793650793
      ]
    },
    "decision_accuracy": {
      "mean": 0.7904761904761906,
      "std": 0.03389548651438512,
      "ci_95": [
        0.7607654865813663,
        0.8201868943710148
      ],
      "trials": [
        0.7301587301587301,
        0.7777777777777778,
        0.8095238095238095,
        0.8253968253968254,
        0.8095238095238095
      ]
    },
    "evidence_recall": {
      "mean": 0.14952380952380953,
      "std": 0.00813404950813902,
      "ci_95": [
        0.14239400077185088,
        0.15665361827576818
      ],
      "trials": [
        0.15132275132275133,
        0.13968253968253969,
        0.15687830687830687,
        0.14047619047619048,
        0.15925925925925927
      ]
    }
  },
  "optimized": {
    "overall_score": {
      "mean": 0.7358518518518519,
      "std": 0.01163003884485932,
      "ci_95": [
        0.725657673336129,
        0.7460460303675748
      ],
      "trials": [
        0.727037037037037,
        0.7326984126984127,
        0.7587830687830689,
        0.7292063492063492,
        0.7315343915343916
      ]
    },
    "risk_exact_accuracy": {
      "mean": 0.7396825396825397,
      "std": 0.02153120629563578,
      "ci_95": [
        0.7208096052440114,
        0.758555474121068
      ],
      "trials": [
        0.6984126984126984,
        0.746031746031746,
        0.7619047619047619,
        0.746031746031746,
        0.746031746031746
      ]
    },
    "risk_distance_score": {
      "mean": 0.8958730158730159,
      "std": 0.00861248251825432,
      "ci_95": [
        0.8883238420976046,
        0.9034221896484272
      ],
      "trials": [
        0.8793650793650793,
        0.8984126984126984,
        0.9047619047619048,
        0.8984126984126984,
        0.8984126984126984
      ]
    },
    "decision_accuracy": {
      "mean": 0.8380952380952381,
      "std": 0.01851095839633431,
      "ci_95": [
        0.8218696676645115,
        0.8543208085259647
      ],
      "trials": [
        0.8253968253968254,
        0.8253968253968254,
        0.873015873015873,
        0.8253968253968254,
        0.8412698412698413
      ]
    },
    "evidence_recall": {
      "mean": 0.2113227513227513,
      "std": 0.021042907424043453,
      "ci_95": [
        0.19287782971654802,
        0.22976767292895459
      ],
      "trials": [
        0.22566137566137567,
        0.21587301587301586,
        0.23835978835978835,
        0.1984126984126984,
        0.1783068783068783
      ]
    }
  },
  "delta": {
    "overall_score": {
      "mean": 0.03547089947089943,
      "improvement_pct": 5.064515154262224
    },
    "risk_exact_accuracy": {
      "mean": 0.02539682539682553,
      "improvement_pct": 3.5555555555555745
    },
    "risk_distance_score": {
      "mean": 0.010158730158730145,
      "improvement_pct": 1.1469534050179193
    },
    "decision_accuracy": {
      "mean": 0.04761904761904756,
      "improvement_pct": 6.024096385542161
    },
    "evidence_recall": {
      "mean": 0.06179894179894177,
      "improvement_pct": 41.33050247699927
    }
  },
  "statistical_test": {
    "overall_score": {
      "t_statistic": 3.9945075483721006,
      "p_value": 0.016203981664685736,
      "significant_at_0_05": 