{
  "name": "Baseline",
  "field_accuracies": {
    "job_role": {
      "mean": 0.18666666666666668,
      "std_dev": 0.0649786289653931,
      "ci_lower": 0.10598504242769761,
      "ci_upper": 0.2673482909056357,
      "runs": [
        0.13333333333333333,
        0.23333333333333334,
        0.23333333333333334,
        0.1,
        0.23333333333333334
      ]
    },
    "skills": {
      "mean": 0.08523333333333333,
      "std_dev": 0.03649766185644848,
      "ci_lower": 0.0399155005875664,
      "ci_upper": 0.13055116607910025,
      "runs": [
        0.05688888888888888,
        0.13233333333333333,
        0.11583333333333332,
        0.06927777777777777,
        0.05183333333333333
      ]
    },
    "education": {
      "mean": 1.0,
      "std_dev": 0.0,
      "ci_lower": 1.0,
      "ci_upper": 1.0,
      "runs": [
        1.0,
        1.0,
        1.0,
        1.0,
        1.0
      ]
    },
    "experience_years": {
      "mean": 1.0,
      "std_dev": 0.0,
      "ci_lower": 1.0,
      "ci_upper": 1.0,
      "runs": [
        1.0,
        1.0,
        1.0,
        1.0,
        1.0
      ]
    }
  },
  "overall_accuracy": {
    "mean": 0.5679750000000001,
    "std_dev": 0.022409857581452607,
    "ci_lower": 0.5401494866362366,
    "ci_upper": 0.5958005133637636,
    "runs": [
      0.5475555555555557,
      0.5914166666666668,
      0.5872916666666668,
      0.5423194444444445,
      0.5712916666666668
    ]
  },
  "num_runs": 5,
  "seeds": [
    42,
    123,
    456,
    789,
    1011
  ],
  "metadata": {}
}