{
  "name": "DSPy Optimized",
  "field_accuracies": {
    "job_role": {
      "mean": 0.8133333333333332,
      "std_dev": 0.09006170724070867,
      "ci_lower": 0.7015069538357778,
      "ci_upper": 0.9251597128308887,
      "runs": [
        0.6666666666666666,
        0.9,
        0.8,
        0.8333333333333334,
        0.8666666666666667
      ]
    },
    "skills": {
      "mean": 0.5143333333333333,
      "std_dev": 0.06701987451679477,
      "ci_lower": 0.4311171679816952,
      "ci_upper": 0.5975494986849714,
      "runs": [
        0.4162777777777777,
        0.5614444444444444,
        0.5682777777777778,
        0.47272222222222227,
        0.5529444444444445
      ]
    },
    "education": {
      "mean": 1.0,
      "std_dev": 0.0,
      "ci_lower": 1.0,
      "ci_upper": 1.0,
      "runs": [
        1.0,
        1.0,
        1.0,
        1.0,
        1.0
      ]
    },
    "experience_years": {
      "mean": 1.0,
      "std_dev": 0.0,
      "ci_lower": 1.0,
      "ci_upper": 1.0,
      "runs": [
        1.0,
        1.0,
        1.0,
        1.0,
        1.0
      ]
    }
  },
  "overall_accuracy": {
    "mean": 0.8319166666666664,
    "std_dev": 0.037155825420172324,
    "ci_lower": 0.7857816159188941,
    "ci_upper": 0.8780517174144388,
    "runs": [
      0.770736111111111,
      0.8653611111111111,
      0.8420694444444442,
      0.8265138888888888,
      0.8549027777777777
    ]
  },
  "num_runs": 5,
  "seeds": [
    42,
    123,
    456,
    789,
    1011
  ],
  "metadata": {}
}