{
  "name": "Baseline",
  "field_accuracies": {
    "clause_text": {
      "mean": 0.4926052836429372,
      "std_dev": 0.06819570934048125,
      "ci_lower": 0.4079291265228933,
      "ci_upper": 0.5772814407629812,
      "runs": [
        0.4636614992800241,
        0.40705694787238905,
        0.5370526516076787,
        0.5824804468546005,
        0.4727748725999937
      ]
    }
  },
  "overall_accuracy": {
    "mean": 0.4926052836429372,
    "std_dev": 0.06819570934048125,
    "ci_lower": 0.4079291265228933,
    "ci_upper": 0.5772814407629812,
    "runs": [
      0.4636614992800241,
      0.40705694787238905,
      0.5370526516076787,
      0.5824804468546005,
      0.4727748725999937
    ]
  },
  "num_runs": 5,
  "seeds": [
    42,
    123,
    456,
    789,
    1011
  ],
  "metadata": {}
}