{
  "baseline": {
    "name": "Baseline",
    "field_accuracies": {
      "clause_text": {
        "mean": 0.4926052836429372,
        "std_dev": 0.06819570934048125,
        "ci_lower": 0.4079291265228933,
        "ci_upper": 0.5772814407629812,
        "runs": [
          0.4636614992800241,
          0.40705694787238905,
          0.5370526516076787,
          0.5824804468546005,
          0.4727748725999937
        ]
      }
    },
    "overall_accuracy": {
      "mean": 0.4926052836429372,
      "std_dev": 0.06819570934048125,
      "ci_lower": 0.4079291265228933,
      "ci_upper": 0.5772814407629812,
      "runs": [
        0.4636614992800241,
        0.40705694787238905,
        0.5370526516076787,
        0.5824804468546005,
        0.4727748725999937
      ]
    },
    "num_runs": 5,
    "seeds": [
      42,
      123,
      456,
      789,
      1011
    ],
    "metadata": {}
  },
  "optimized": {
    "name": "DSPy Optimized",
    "field_accuracies": {
      "clause_text": {
        "mean": 0.5174909215406756,
        "std_dev": 0.06455061624534794,
        "ci_lower": 0.4373407452869598,
        "ci_upper": 0.5976410977943912,
        "runs": [
          0.4784500712250712,
          0.4446270107287348,
          0.5741545558317007,
          0.5955953053387836,
          0.4946276645790871
        ]
      }
    },
    "overall_accuracy": {
      "mean": 0.5174909215406756,
      "std_dev": 0.06455061624534794,
      "ci_lower": 0.4373407452869598,
      "ci_upper": 0.5976410977943912,
      "runs": [
        0.4784500712250712,
        0.4446270107287348,
        0.5741545558317007,
        0.5955953053387836,
        0.4946276645790871
      ]
    },
    "num_runs": 5,
    "seeds": [
      42,
      123,
      456,
      789,
      1011
    ],
    "metadata": {}
  },
  "statistical_test": {
    "test_type": "Paired t-test",
    "statistic": 4.703649347733262,
    "p_value": 0.0092832555397573,
    "significant": "True",
    "significance_level": "**",
    "interpretation": "very significant",
    "alpha": 0.05
  },
  "effect_size": 0.37479397166700007,
  "improvement": {
    "mean": 0.024885637897738344,
    "significant": "True"
  },
  "field_comparison": {
    "clause_text": {
      "baseline_mean": 0.4926052836429372,
      "baseline_ci": [
        0.4079291265228933,
        0.5772814407629812
      ],
      "optimized_mean": 0.5174909215406756,
      "optimized_ci": [
        0.4373407452869598,
        0.5976410977943912
      ],
      "improvement": 0.024885637897738344
    }
  }
}