{
  "name": "DSPy Optimized",
  "field_accuracies": {
    "clause_text": {
      "mean": 0.5174909215406756,
      "std_dev": 0.06455061624534794,
      "ci_lower": 0.4373407452869598,
      "ci_upper": 0.5976410977943912,
      "runs": [
        0.4784500712250712,
        0.4446270107287348,
        0.5741545558317007,
        0.5955953053387836,
        0.4946276645790871
      ]
    }
  },
  "overall_accuracy": {
    "mean": 0.5174909215406756,
    "std_dev": 0.06455061624534794,
    "ci_lower": 0.4373407452869598,
    "ci_upper": 0.5976410977943912,
    "runs": [
      0.4784500712250712,
      0.4446270107287348,
      0.5741545558317007,
      0.5955953053387836,
      0.4946276645790871
    ]
  },
  "num_runs": 5,
  "seeds": [
    42,
    123,
    456,
    789,
    1011
  ],
  "metadata": {}
}